id,brand,source,author,text,timestamp,region,language,engagement,url,is_crisis
mention-0095,Tesla,Review,ProductTester,saved over $3000 in fuel costs this year with my Tesla. the math on EVs is genuinely compelling now #Tesla #EV,2025-04-05T19:39:50,CA,en,36,https://www.trustpilot.com/reviews/tesla-95,False
mention-0096,Tesla,Twitter,@daily_thoughts5544,my Tesla has had the same panel gap issue for 2 years and 3 service visits. quality control is a joke #Tesla,2025-04-05T15:12:52,AU,en,2045,https://twitter.com/user/status/1800000013152,False
mention-0293,Nike,Review,TrustpilotUser,Nike announces partnership with NBPA for new athlete equity sponsorship model. interesting shift from traditional deals #Nike,2025-04-05T11:23:52,AU,en,109,https://www.trustpilot.com/reviews/nike-293,False
mention-0191,Apple,Reddit,u/skeptical_buyer,the iPhone 15 Pro titanium build feels incredible in hand. significant upgrade from the stainless steel #Apple,2025-04-05T10:43:21,UK,en,1182,https://reddit.com/r/apple/comments/00000bf,False
mention-0098,Tesla,Twitter,@brand_watcher2699,just ordered Tesla Model 3 Long Range AWD. delivery estimate is 6 to 8 weeks #Tesla,2025-04-05T09:49:49,US,en,1184,https://twitter.com/user/status/1800000013426,False
mention-0294,Nike,Twitter,@gadget_lover5854,Nike launches Move to Zero carbon initiative targeting net zero by 2035 across all owned operations #Nike,2025-04-05T09:47:00,DE,en,1039,https://twitter.com/user/status/1800000040278,False
mention-0097,Tesla,Reddit,u/verified_purchase,Tesla Powerwall kept our whole house running through a 6 hour outage last night. worth every penny #Tesla #Solar,2025-04-05T09:06:41,JP,en,639,https://reddit.com/r/tesla/comments/0000061,False
mention-0192,Apple,Twitter,@honest_review6900,iPhone 17 Pro leaked specs suggest under display Face ID and thinner bezels. official announcement in September #Apple,2025-04-05T07:18:19,AU,en,374,https://twitter.com/user/status/1800000026304,False
mention-0188,Apple,Blog,Mark O.,class action against Apple for iPhone battery throttling is absolutely justified. they hid this for years #Apple,2025-04-04T18:53:23,SG,en,173,https://blog.example.com/reviews/apple-review-188,False
mention-0289,Nike,Blog,David P.,analyst note: Nike direct to consumer margins significantly higher than wholesale. strategy shift making financial sense #Nike,2025-04-04T12:42:27,UK,en,133,https://blog.example.com/reviews/nike-review-289,False
mention-0292,Nike,Twitter,@apple_fan9667,Nike opening new flagship store in Singapore next month. biggest APAC retail investment in 5 years #Nike,2025-04-04T12:23:36,FR,en,1877,https://twitter.com/user/status/1800000040004,False
mention-0094,Tesla,Twitter,@honest_review267,Tesla to open Supercharger network to non-Tesla EVs. major strategic shift in charging infrastructure #Tesla,2025-04-04T11:16:38,SG,en,123,https://twitter.com/user/status/1800000012878,False
mention-0190,Apple,Reddit,u/actual_owner,Apple quietly removed MagSafe charger from the box. $1200 phone and I need to buy accessories separately #Apple,2025-04-04T11:02:18,JP,en,1367,https://reddit.com/r/apple/comments/00000be,False
mention-0189,Apple,Twitter,@realuser4587,iCloud storage pricing is embarrassing. 50GB for £0.79 but 200GB jumps to £2.49. the pricing tiers make no sense #Apple,2025-04-04T09:15:17,UK,en,711,https://twitter.com/user/status/1800000025893,False
mention-0092,Tesla,Blog,Elena V.,"just took delivery of my Tesla Model 3 and wow. build quality exceeded my expectations. silent, smooth, autopilot is mind blowing #Tesla",2025-04-04T08:59:31,SG,en,305,https://blog.example.com/reviews/tesla-review-92,False
mention-0291,Nike,Blog,Amara O.,Nike Air Force 1s are 50 years old and still the most versatile shoe ever made. timeless design #Nike #AF1,2025-04-04T07:51:35,DE,en,38,https://blog.example.com/reviews/nike-review-291,False
mention-0093,Tesla,Twitter,@user559,Tesla reports strong gross margin on energy storage business. most profitable segment in Q2 #Tesla,2025-04-04T07:08:45,AU,en,1342,https://twitter.com/user/status/1800000012741,False
mention-0290,Nike,Reddit,u/actual_owner,just completed my first marathon in Nike Vaporfly and shaved 8 mins off my personal best. the carbon plate is real #Nike #Marathon,2025-04-04T02:44:39,JP,en,1495,https://reddit.com/r/nike/comments/0000122,False
mention-0286,Nike,Twitter,@tech_fan7798,"Nike releases limited edition collab with Japanese designer. drops Friday, expect immediate sellout #Nike",2025-04-03T23:22:14,UK,en,307,https://twitter.com/user/status/1800000039182,False
mention-0089,Tesla,Twitter,@user189,Tesla Model S Plaid is the most insane car I have ever driven. 0-60 in under 2 seconds is not real #Tesla #Plaid,2025-04-03T21:29:35,AU,en,319,https://twitter.com/user/status/1800000012193,False
mention-0090,Tesla,Twitter,@tech_fan4109,Tesla Powerwall kept our whole house running through a 6 hour outage last night. worth every penny #Tesla #Solar,2025-04-03T21:06:21,US,en,1682,https://twitter.com/user/status/1800000012330,False
mention-0287,Nike,Review,LongTermOwner,ordered Nike running shoes 6 weeks ago. delivery pushed back 3 times. zero proactive communication #Nike,2025-04-03T20:47:39,JP,en,92,https://www.trustpilot.com/reviews/nike-287,False
mention-0285,Nike,Forum,forum_member300,analyst note: Nike direct to consumer margins significantly higher than wholesale. strategy shift making financial sense #Nike,2025-04-03T19:30:13,CA,en,400,https://forum.example.com/t/nike-discussion-285,False
mention-0088,Tesla,Reddit,u/first_post_here,Tesla reports strong gross margin on energy storage business. most profitable segment in Q2 #Tesla,2025-04-03T16:55:48,DE,en,572,https://reddit.com/r/tesla/comments/0000058,False
mention-0091,Tesla,Twitter,@honest_review9041,Tesla Model S Plaid is the most insane car I have ever driven. 0-60 in under 2 seconds is not real #Tesla #Plaid,2025-04-03T16:14:02,US,en,86,https://twitter.com/user/status/1800000012467,False
mention-0185,Apple,Reddit,u/lurker_no_more,Apple suppliers in China ramping production for next iPhone generation. Foxconn orders up significantly #Apple,2025-04-03T12:41:37,UK,en,1187,https://reddit.com/r/apple/comments/00000b9,False
mention-0288,Nike,Forum,long_time_member734,Nike Alphafly Next% is a different league. race day shoe that actually performs as advertised #Nike #Marathon,2025-04-03T07:03:11,FR,en,209,https://forum.example.com/t/nike-discussion-288,False
mention-0186,Apple,Reddit,u/lurker_no_more,Apple support replaced my out of warranty AirPods for free due to a known defect. did not even argue. respect #Apple,2025-04-03T03:02:27,SG,en,193,https://reddit.com/r/apple/comments/00000ba,False
mention-0187,Apple,Forum,community_user909,Apple expands Emergency SOS satellite coverage to 20 new countries across Europe and Southeast Asia #Apple,2025-04-03T00:24:48,UK,en,574,https://forum.example.com/t/apple-discussion-187,False
mention-0282,Nike,Twitter,@product_reviewer1319,Nike app redesign rolling out globally this week. new navigation and personalised training plans #Nike,2025-04-02T22:21:28,JP,en,1238,https://twitter.com/user/status/1800000038634,False
mention-0183,Apple,Twitter,@consumer_report9278,Apple Vision Pro for our architecture firm has completely changed client presentations. worth every penny #Apple,2025-04-02T22:00:26,JP,en,1832,https://twitter.com/user/status/1800000025071,False
mention-0184,Apple,Blog,Tom R.,Apple TV Plus subscriber numbers still significantly behind Netflix and Disney Plus according to analyst estimates #Apple,2025-04-02T21:12:30,DE,en,400,https://blog.example.com/reviews/apple-review-184,False
mention-0086,Tesla,Forum,thread_starter502,Tesla NHTSA recall for autopilot is long overdue. been reporting phantom braking issues for years #Tesla,2025-04-02T12:50:49,UK,en,26,https://forum.example.com/t/tesla-discussion-86,False
mention-0284,Nike,News,BBC Technology,"fast delivery from Nike.com, perfect packaging, true to size. exactly what I ordered. 10/10 shopping experience #Nike",2025-04-02T10:02:55,SG,en,1429,https://techcrunch.com/2025/1/14/nike-284,False
mention-0182,Apple,News,Bloomberg Technology,Apple Store staff helped me recover 3 years of photos I thought were lost permanently. above and beyond service #Apple,2025-04-02T09:04:05,US,en,655,https://techcrunch.com/2025/3/26/apple-182,False
mention-0087,Tesla,Forum,long_time_member362,Tesla removed free supercharging from used car transfers without any announcement. terrible customer communication #Tesla,2025-04-02T06:06:44,UK,en,226,https://forum.example.com/t/tesla-discussion-87,False
mention-0283,Nike,Forum,forum_member937,"fast delivery from Nike.com, perfect packaging, true to size. exactly what I ordered. 10/10 shopping experience #Nike",2025-04-02T00:39:39,UK,en,701,https://forum.example.com/t/nike-discussion-283,False
mention-0084,Tesla,Blog,Elena V.,FSD cost me $12000 and it still cannot handle a roundabout. this is not full self driving by any definition #Tesla,2025-04-01T20:10:41,FR,en,160,https://blog.example.com/reviews/tesla-review-84,False
mention-0279,Nike,Forum,forum_member396,Nike just pushed a discount for loyalty members and it is actually generous. 25% off full price is not nothing #Nike,2025-04-01T19:36:11,FR,en,278,https://forum.example.com/t/nike-discussion-279,False
mention-0181,Apple,Reddit,u/skeptical_buyer,forcing users into Apple Intelligence without a proper opt-out is a privacy nightmare. typical Apple #Apple,2025-04-01T16:04:43,CA,en,1296,https://reddit.com/r/apple/comments/00000b5,False
mention-0280,Nike,Reddit,u/daily_driver_review,Nike launches Move to Zero carbon initiative targeting net zero by 2035 across all owned operations #Nike,2025-04-01T14:43:09,FR,en,1427,https://reddit.com/r/nike/comments/0000118,False
mention-0085,Tesla,Twitter,@user1099,NHTSA opens formal investigation into Tesla Autopilot following 11 documented incidents involving emergency vehicles #Tesla,2025-04-01T13:29:49,CA,en,1376,https://twitter.com/user/status/1800000011645,False
mention-0179,Apple,Blog,Sarah C.,bought an Apple product refurbished from the official store and it arrived with scratches. quality control fail #Apple,2025-04-01T12:26:47,US,en,4,https://blog.example.com/reviews/apple-review-179,False
mention-0281,Nike,Twitter,@realuser9812,Nike SNKRS app monthly active users hit 130 million. biggest digital engagement quarter in company history #Nike,2025-04-01T05:40:12,FR,en,1177,https://twitter.com/user/status/1800000038497,False
mention-0180,Apple,Blog,David P.,Apple loses top smartphone position in China as Huawei recovers. share down to 15.6% from 19.2% a year ago #Apple,2025-04-01T01:43:07,DE,en,170,https://blog.example.com/reviews/apple-review-180,False
mention-0083,Tesla,Reddit,u/skeptical_buyer,the structural safety in a Tesla is remarkable. watched footage of a crash test and the cabin integrity is impressive #Tesla,2025-04-01T01:21:53,JP,en,45,https://reddit.com/r/tesla/comments/0000053,False
mention-0278,Nike,News,Bloomberg Technology,Nike opening new flagship store in Singapore next month. biggest APAC retail investment in 5 years #Nike,2025-03-31T21:31:45,UK,en,2520,https://techcrunch.com/2025/2/27/nike-278,False
mention-0081,Tesla,Review,G2Reviewer,Tesla dog mode and camp mode are useful features that other manufacturers have not copied properly #Tesla,2025-03-31T13:09:18,JP,en,114,https://www.trustpilot.com/reviews/tesla-81,False
mention-0177,Apple,Twitter,@user2257,"MacBook Air M2 is the perfect university laptop. silent, lightweight, genuinely all day battery #Apple #MacBook",2025-03-31T11:33:11,CA,en,1697,https://twitter.com/user/status/1800000024249,False
mention-0178,Apple,Blog,David P.,switched from Android to iPhone after 8 years and the ecosystem integration is genuinely impressive #Apple #iPhone,2025-03-31T05:13:27,FR,en,166,https://blog.example.com/reviews/apple-review-178,False
mention-0082,Tesla,News,The Verge,Tesla removed free supercharging from used car transfers without any announcement. terrible customer communication #Tesla,2025-03-31T04:32:05,AU,en,4269,https://techcrunch.com/2025/3/6/tesla-82,False
mention-0276,Nike,News,Reuters Staff,outsole on my Nike trail shoes separated after 150km. sent photos to support and they offered a 20% discount. not good enough #Nike,2025-03-31T03:23:08,CA,en,2529,https://techcrunch.com/2025/4/25/nike-276,False
mention-0277,Nike,Twitter,@brand_watcher5207,the Nike hoodie pilled after one wash. for £120 this is embarrassing quality control #Nike,2025-03-31T00:18:53,FR,en,2006,https://twitter.com/user/status/1800000037949,False
mention-0176,Apple,Blog,Priya S.,Apple Watch Ultra 2 titanium edition sold out within 6 hours of launch globally #Apple,2025-03-30T21:27:25,FR,en,324,https://blog.example.com/reviews/apple-review-176,False
mention-0077,Tesla,Forum,community_user679,"Tesla price cuts continue. Model Y now starting at $42990 in the US, third price reduction this year #Tesla",2025-03-30T11:33:46,AU,en,36,https://forum.example.com/t/tesla-discussion-77,False
mention-0175,Apple,Twitter,@just_me6132,Apple repairability score is still one of the worst in the industry. right to repair matters #Apple #iFixit,2025-03-30T10:57:50,FR,en,283,https://twitter.com/user/status/1800000023975,False
mention-0078,Tesla,Forum,long_time_member826,"3 years with my Tesla Model Y, 60k miles, zero major mechanical issues. best car I have ever owned #Tesla",2025-03-30T10:11:58,AU,en,185,https://forum.example.com/t/tesla-discussion-78,False
mention-0174,Apple,Review,TrustpilotUser,the App Store 30% cut is genuinely anti-competitive. antitrust regulators need to move faster on this #Apple,2025-03-30T06:36:01,DE,en,10,https://www.trustpilot.com/reviews/apple-174,False
mention-0274,Nike,Twitter,@tech_fan6998,Nike opening new flagship store in Singapore next month. biggest APAC retail investment in 5 years #Nike,2025-03-30T06:27:35,FR,en,1458,https://twitter.com/user/status/1800000037538,False
mention-0080,Tesla,Reddit,u/long_time_lurker,Tesla Model S Plaid is the most insane car I have ever driven. 0-60 in under 2 seconds is not real #Tesla #Plaid,2025-03-30T05:02:38,US,en,200,https://reddit.com/r/tesla/comments/0000050,False
mention-0079,Tesla,Review,ProductTester,my Tesla has had the same panel gap issue for 2 years and 3 service visits. quality control is a joke #Tesla,2025-03-30T01:50:18,CA,en,70,https://www.trustpilot.com/reviews/tesla-79,False
mention-0275,Nike,Twitter,@user3949,Nike customer service replaced my defective pair no questions asked within 5 days. that is how you build brand loyalty #Nike,2025-03-30T00:22:28,FR,en,51,https://twitter.com/user/status/1800000037675,False
mention-0166,Apple,News,Engadget,Apple Vision Pro is an impressive piece of engineering that nobody actually needs at this price point #Apple,2025-03-29T23:49:42,CA,en,1392,https://techcrunch.com/2025/2/27/apple-166,False
mention-0167,Apple,Reddit,u/throwaway_consumer,comparing MacBook Pro M3 vs Dell XPS 15. different strengths depending on your workflow and ecosystem #Apple,2025-03-29T23:37:36,UK,en,655,https://reddit.com/r/apple/comments/00000a7,False
mention-0273,Nike,Blog,Priya S.,Nike Q3 earnings came in below analyst expectations. revenue at $12.4B vs estimates of $12.9B. stock down 8% #Nike,2025-03-29T22:31:42,DE,en,372,https://blog.example.com/reviews/nike-review-273,False
mention-0171,Apple,Review,AmazonCustomer,iPhone 17 Pro leaked specs suggest under display Face ID and thinner bezels. official announcement in September #Apple,2025-03-29T22:15:44,US,en,57,https://www.trustpilot.com/reviews/apple-171,False
mention-0271,Nike,Twitter,@daily_thoughts3554,Nike just silently removed the app feature that tracked lifetime mileage. why take away something people loved #Nike,2025-03-29T16:08:28,DE,en,1707,https://twitter.com/user/status/1800000037127,False
mention-0073,Tesla,Reddit,u/skeptical_buyer,my Tesla has had the same panel gap issue for 2 years and 3 service visits. quality control is a joke #Tesla,2025-03-29T14:48:36,SG,en,298,https://reddit.com/r/tesla/comments/0000049,False
mention-0069,Tesla,Forum,registered_poster677,Tesla to open Supercharger network to non-Tesla EVs. major strategic shift in charging infrastructure #Tesla,2025-03-29T11:37:59,SG,en,7862,https://forum.example.com/t/tesla-discussion-69,True
mention-0272,Nike,Twitter,@honest_review7814,BEWARE Nike.com delivery is a disaster right now. 3 weeks and still no update. customer service is useless #Nike,2025-03-29T10:21:44,JP,en,484,https://twitter.com/user/status/1800000037264,False
mention-0173,Apple,Blog,Amara O.,"MacBook Air M2 is the perfect university laptop. silent, lightweight, genuinely all day battery #Apple #MacBook",2025-03-29T09:12:19,US,en,8,https://blog.example.com/reviews/apple-review-173,False
mention-0074,Tesla,News,Engadget,"just took delivery of my Tesla Model 3 and wow. build quality exceeded my expectations. silent, smooth, autopilot is mind blowing #Tesla",2025-03-29T09:05:21,CA,en,2138,https://techcrunch.com/2025/2/7/tesla-74,False
mention-0076,Tesla,Reddit,u/lurker_no_more,Tesla range on my Model 3 LR is consistently better than EPA estimates in real world driving. impressed #Tesla,2025-03-29T08:47:08,FR,en,922,https://reddit.com/r/tesla/comments/000004c,False
mention-0070,Tesla,Forum,community_user683,ordered my Tesla 6 months ago. delivery date pushed back 4 times. zero proactive communication from Tesla at all #Tesla,2025-03-29T08:31:03,JP,en,147,https://forum.example.com/t/tesla-discussion-70,False
mention-0270,Nike,Forum,thread_starter810,Nike stock fell 9% after the earnings miss. weak North America demand and margin pressure. not a great quarter #Nike,2025-03-29T06:57:46,AU,en,480,https://forum.example.com/t/nike-discussion-270,False
mention-0170,Apple,Twitter,@consumer_report9612,Apple TV Plus subscriber numbers still significantly behind Netflix and Disney Plus according to analyst estimates #Apple,2025-03-29T03:58:18,US,en,1620,https://twitter.com/user/status/1800000023290,False
mention-0169,Apple,Reddit,u/skeptical_buyer,"Apple removed the headphone jack, then the charger, now the SIM tray. each time called courage. it is greed #Apple",2025-03-29T01:29:27,US,en,853,https://reddit.com/r/apple/comments/00000a9,False
mention-0075,Tesla,Twitter,@honest_review3536,"Tesla price cuts continue. Model Y now starting at $42990 in the US, third price reduction this year #Tesla",2025-03-29T01:21:34,JP,en,1641,https://twitter.com/user/status/1800000010275,False
mention-0172,Apple,Twitter,@user2738,"iOS 18 update completely bricked my iPhone 14. cannot restore, genius bar appointment is 5 days away #Apple",2025-03-29T01:20:00,FR,en,1240,https://twitter.com/user/status/1800000023564,False
mention-0072,Tesla,Twitter,@gadget_lover8271,just got the new Tesla OTA update and the UI improvements are massive. love that my car gets better over time #Tesla,2025-03-29T00:42:39,SG,en,492,https://twitter.com/user/status/1800000009864,False
mention-0168,Apple,Blog,Mark O.,Apple posts record $89.5B quarterly revenue driven by iPhone 16 super cycle. beat analyst expectations by 8% #Apple,2025-03-29T00:09:36,US,en,127,https://blog.example.com/reviews/apple-review-168,False
mention-0071,Tesla,Twitter,@honest_review7447,Tesla customer support is non existent. been trying to reach someone for 3 weeks about a billing error #Tesla,2025-03-29T00:06:25,US,en,1636,https://twitter.com/user/status/1800000009727,False
mention-0265,Nike,Reddit,u/daily_driver_review,Nike just pushed a discount for loyalty members and it is actually generous. 25% off full price is not nothing #Nike,2025-03-28T23:31:16,UK,en,353,https://reddit.com/r/nike/comments/0000109,False
mention-0264,Nike,Forum,registered_poster427,Nike stock fell 9% after the earnings miss. weak North America demand and margin pressure. not a great quarter #Nike,2025-03-28T18:30:56,FR,en,675,https://forum.example.com/t/nike-discussion-264,False
mention-0164,Apple,Blog,Sarah C.,Apple quietly removed MagSafe charger from the box. $1200 phone and I need to buy accessories separately #Apple,2025-03-28T18:14:37,CA,en,343,https://blog.example.com/reviews/apple-review-164,False
mention-0268,Nike,Twitter,@product_reviewer1599,Nike raised prices for the third time this year with zero improvement in quality. losing trust fast #Nike,2025-03-28T18:01:20,JP,en,525,https://twitter.com/user/status/1800000036716,False
mention-0165,Apple,Reddit,u/first_post_here,iCloud storage pricing is embarrassing. 50GB for £0.79 but 200GB jumps to £2.49. the pricing tiers make no sense #Apple,2025-03-28T16:42:07,AU,en,1712,https://reddit.com/r/apple/comments/00000a5,False
mention-0067,Tesla,Forum,registered_poster291,NHTSA opens formal investigation into Tesla Autopilot following 11 documented incidents involving emergency vehicles #Tesla,2025-03-28T16:31:50,FR,en,115,https://forum.example.com/t/tesla-discussion-67,False
mention-0064,Tesla,Forum,thread_starter863,Tesla service wait times are absolutely insane. 8 weeks for a minor bumper repair is completely unacceptable #Tesla,2025-03-28T13:36:29,US,en,85,https://forum.example.com/t/tesla-discussion-64,False
mention-0066,Tesla,Twitter,@just_me8319,"Tesla build quality on delivery day was shocking. paint issues, misaligned doors, scratched trim. I rejected the car #Tesla",2025-03-28T13:32:37,US,en,523,https://twitter.com/user/status/1800000009042,False
mention-0267,Nike,Twitter,@realuser8446,Nike React Infinity Run has genuinely fixed my shin splints. doctor recommended and it works #Nike #Running,2025-03-28T11:06:10,FR,en,644,https://twitter.com/user/status/1800000036579,False
mention-0269,Nike,Blog,Priya S.,Nike pulled out of the community running event sponsorship last minute with no explanation. really disappointing #Nike,2025-03-28T09:51:40,DE,en,71,https://blog.example.com/reviews/nike-review-269,False
mention-0068,Tesla,Blog,Priya S.,"just took delivery of my Tesla Model 3 and wow. build quality exceeded my expectations. silent, smooth, autopilot is mind blowing #Tesla",2025-03-28T09:47:59,JP,en,187,https://blog.example.com/reviews/tesla-review-68,False
mention-0062,Tesla,Forum,long_time_member669,"Tesla build quality on delivery day was shocking. paint issues, misaligned doors, scratched trim. I rejected the car #Tesla",2025-03-28T08:38:04,DE,en,688,https://forum.example.com/t/tesla-discussion-62,False
mention-0162,Apple,Blog,Amara O.,iOS 18.1 introduced serious battery drain on iPhone 15 series. Apple acknowledged it but no fix timeline #Apple,2025-03-28T08:11:58,JP,en,390,https://blog.example.com/reviews/apple-review-162,False
mention-0061,Tesla,Twitter,@daily_thoughts3969,Tesla referral program saved me $500 on accessories. happy to recommend to anyone considering an EV #Tesla,2025-03-28T06:55:24,UK,en,3595,https://twitter.com/user/status/1800000008357,True
mention-0163,Apple,Review,G2Reviewer,Apple Store staff helped me recover 3 years of photos I thought were lost permanently. above and beyond service #Apple,2025-03-28T06:54:30,CA,en,101,https://www.trustpilot.com/reviews/apple-163,False
mention-0263,Nike,News,Engadget,"Nike releases limited edition collab with Japanese designer. drops Friday, expect immediate sellout #Nike",2025-03-28T05:05:29,DE,en,3111,https://techcrunch.com/2025/2/9/nike-263,False
mention-0063,Tesla,Forum,thread_starter579,ordered my Tesla 6 months ago. delivery date pushed back 4 times. zero proactive communication from Tesla at all #Tesla,2025-03-28T03:43:34,FR,en,734,https://forum.example.com/t/tesla-discussion-63,False
mention-0266,Nike,News,Reuters Staff,Nike pulled out of the community running event sponsorship last minute with no explanation. really disappointing #Nike,2025-03-28T03:35:09,JP,en,1292,https://techcrunch.com/2025/1/11/nike-266,False
mention-0065,Tesla,Twitter,@apple_fan455,"3 years with my Tesla Model Y, 60k miles, zero major mechanical issues. best car I have ever owned #Tesla",2025-03-28T02:55:06,JP,en,946,https://twitter.com/user/status/1800000008905,False
mention-0161,Apple,Twitter,@product_reviewer6839,Apple is using misleading sustainability marketing. actual total carbon output has increased year on year #Apple,2025-03-28T02:46:07,UK,en,1709,https://twitter.com/user/status/1800000022057,False
mention-0154,Apple,Reddit,u/skeptical_buyer,iCloud Drive syncing is genuinely seamless across all my Apple devices. the ecosystem lock-in is real for good reason #Apple,2025-03-27T23:19:25,US,en,1352,https://reddit.com/r/apple/comments/000009a,False
mention-0261,Nike,Forum,community_user420,analyst note: Nike direct to consumer margins significantly higher than wholesale. strategy shift making financial sense #Nike,2025-03-27T23:04:03,UK,en,309,https://forum.example.com/t/nike-discussion-261,False
mention-0260,Nike,Twitter,@honest_review9512,Nike training app is genuinely the best free workout resource out there. the coaching quality is impressive #Nike #NTC,2025-03-27T21:50:33,DE,en,610,https://twitter.com/user/status/1800000035620,False
mention-0157,Apple,Twitter,@brand_watcher846,Apple repairability score is still one of the worst in the industry. right to repair matters #Apple #iFixit,2025-03-27T19:58:48,FR,en,1876,https://twitter.com/user/status/1800000021509,False
mention-0160,Apple,News,Engadget,Apple quietly removed MagSafe charger from the box. $1200 phone and I need to buy accessories separately #Apple,2025-03-27T19:11:35,SG,en,780,https://techcrunch.com/2025/1/22/apple-160,False
mention-0158,Apple,Twitter,@sneaker_head3467,Apple expands Emergency SOS satellite coverage to 20 new countries across Europe and Southeast Asia #Apple,2025-03-27T19:10:51,US,en,1158,https://twitter.com/user/status/1800000021646,False
mention-0262,Nike,Twitter,@daily_thoughts5646,Nike Alphafly Next% is a different league. race day shoe that actually performs as advertised #Nike #Marathon,2025-03-27T18:45:55,UK,en,293,https://twitter.com/user/status/1800000035894,False
mention-0259,Nike,Reddit,u/skeptical_buyer,Nike reports 50% of new product lines now incorporate recycled materials up from 30% last year #Nike,2025-03-27T16:28:39,US,en,472,https://reddit.com/r/nike/comments/0000103,False
mention-0257,Nike,Reddit,u/verified_purchase,"the Nike returns process is unnecessarily complicated in 2025. print a label, find a drop off, wait 2 weeks. come on #Nike",2025-03-27T15:34:44,US,en,1422,https://reddit.com/r/nike/comments/0000101,False
mention-0059,Tesla,Review,AmazonCustomer,Tesla FSD subscription now $199 per month. outright purchase option still $12000 #Tesla,2025-03-27T12:01:07,AU,en,27,https://www.trustpilot.com/reviews/tesla-59,False
mention-0060,Tesla,Twitter,@sneaker_head9692,FSD cost me $12000 and it still cannot handle a roundabout. this is not full self driving by any definition #Tesla,2025-03-27T10:40:37,AU,en,2303,https://twitter.com/user/status/1800000008220,False
mention-0057,Tesla,Review,VerifiedBuyer,Tesla insurance now available in 12 states. pricing based on actual driving behaviour via telematics #Tesla,2025-03-27T09:04:53,US,en,3487,https://www.trustpilot.com/reviews/tesla-57,True
mention-0156,Apple,Blog,Amara O.,the iPhone 15 Pro titanium build feels incredible in hand. significant upgrade from the stainless steel #Apple,2025-03-27T06:11:58,DE,en,94,https://blog.example.com/reviews/apple-review-156,False
mention-0058,Tesla,News,The Verge,"Tesla build quality on delivery day was shocking. paint issues, misaligned doors, scratched trim. I rejected the car #Tesla",2025-03-27T06:03:33,DE,en,1290,https://techcrunch.com/2025/2/16/tesla-58,False
mention-0258,Nike,Twitter,@ev_driver2498,boycott Nike until they address the factory conditions report. labour practices in Vietnam are not acceptable #Nike,2025-03-27T05:39:40,CA,en,332,https://twitter.com/user/status/1800000035346,False
mention-0159,Apple,Blog,Amara O.,AirPods Pro developed the well documented crackling issue at 14 months. Apple refused to cover it without AppleCare #Apple,2025-03-27T01:03:58,CA,en,344,https://blog.example.com/reviews/apple-review-159,False
mention-0155,Apple,Forum,forum_member50,Apple One bundle is actually good value when you add up all the services. family plan makes financial sense #Apple,2025-03-27T00:45:16,AU,en,571,https://forum.example.com/t/apple-discussion-155,False
mention-0055,Tesla,Blog,Priya S.,range dropped 20% this winter. Tesla should be more transparent about cold weather performance in their marketing #Tesla,2025-03-26T19:58:06,FR,en,160,https://blog.example.com/reviews/tesla-review-55,False
mention-0256,Nike,Forum,active_member373,Nike CEO speaking at the global retail summit next week. topics include digital strategy and sustainability roadmap #Nike,2025-03-26T15:38:28,DE,en,656,https://forum.example.com/t/nike-discussion-256,False
mention-0153,Apple,Twitter,@user4445,comparing MacBook Pro M3 vs Dell XPS 15. different strengths depending on your workflow and ecosystem #Apple,2025-03-26T05:08:46,AU,en,198,https://twitter.com/user/status/1800000020961,False
mention-0056,Tesla,Blog,David P.,Tesla quietly removed ultrasonic sensors from new builds. we paid for these features in previous models #Tesla,2025-03-26T02:24:01,SG,en,299,https://blog.example.com/reviews/tesla-review-56,False
mention-0152,Apple,News,BBC Technology,the App Store 30% cut is genuinely anti-competitive. antitrust regulators need to move faster on this #Apple,2025-03-26T01:59:37,FR,en,563,https://techcrunch.com/2025/2/3/apple-152,False
mention-0151,Apple,Review,ProductTester,iOS 18.1 introduced serious battery drain on iPhone 15 series. Apple acknowledged it but no fix timeline #Apple,2025-03-26T01:26:54,AU,en,30,https://www.trustpilot.com/reviews/apple-151,False
mention-0255,Nike,Review,AmazonCustomer,"fast delivery from Nike.com, perfect packaging, true to size. exactly what I ordered. 10/10 shopping experience #Nike",2025-03-26T00:47:43,SG,en,16,https://www.trustpilot.com/reviews/nike-255,False
mention-0150,Apple,Review,VerifiedBuyer,Apple opens new retail store in Mumbai. largest Apple Store in South Asia #Apple,2025-03-25T23:32:49,CA,en,79,https://www.trustpilot.com/reviews/apple-150,False
mention-0253,Nike,Twitter,@apple_fan1739,Nike React Infinity Run has genuinely fixed my shin splints. doctor recommended and it works #Nike #Running,2025-03-25T22:23:47,JP,en,1024,https://twitter.com/user/status/1800000034661,False
mention-0148,Apple,Forum,active_member833,Apple Intelligence features under EU regulatory scrutiny over Digital Markets Act compliance #Apple,2025-03-25T21:34:12,AU,en,618,https://forum.example.com/t/apple-discussion-148,False
mention-0054,Tesla,Reddit,u/daily_driver_review,just ordered Tesla Model 3 Long Range AWD. delivery estimate is 6 to 8 weeks #Tesla,2025-03-25T18:41:25,FR,en,1406,https://reddit.com/r/tesla/comments/0000036,False
mention-0052,Tesla,Twitter,@user7206,"Tesla price cuts continue. Model Y now starting at $42990 in the US, third price reduction this year #Tesla",2025-03-25T12:10:26,FR,en,1654,https://twitter.com/user/status/1800000007124,False
mention-0053,Tesla,Twitter,@consumer_report1907,the 12v battery died on my Tesla for the second time in 18 months. stranded twice is completely unacceptable #Tesla,2025-03-25T10:23:13,DE,en,458,https://twitter.com/user/status/1800000007261,False
mention-0149,Apple,Reddit,u/lurker_no_more,Apple repairability score is still one of the worst in the industry. right to repair matters #Apple #iFixit,2025-03-25T09:07:34,DE,en,732,https://reddit.com/r/apple/comments/0000095,False
mention-0254,Nike,Twitter,@daily_thoughts6144,Nike CEO John Donahoe comments on China recovery in latest earnings call. cautiously optimistic tone #Nike,2025-03-25T08:55:29,SG,en,978,https://twitter.com/user/status/1800000034798,False
mention-0252,Nike,News,TechCrunch,Nike reports 50% of new product lines now incorporate recycled materials up from 30% last year #Nike,2025-03-25T03:44:19,FR,en,3540,https://techcrunch.com/2025/3/5/nike-252,False
mention-0146,Apple,News,BBC Technology,Apple expands Emergency SOS satellite coverage to 20 new countries across Europe and Southeast Asia #Apple,2025-03-24T16:51:01,JP,en,2117,https://techcrunch.com/2025/1/12/apple-146,False
mention-0249,Nike,Review,LongTermOwner,the Nike Dunk Low pandas finally came and they are everything I hoped for. colourway is perfect #Nike #Sneakers,2025-03-24T14:28:08,CA,en,108,https://www.trustpilot.com/reviews/nike-249,False
mention-0049,Tesla,Reddit,u/skeptical_buyer,my Tesla has had the same panel gap issue for 2 years and 3 service visits. quality control is a joke #Tesla,2025-03-24T12:23:47,AU,en,909,https://reddit.com/r/tesla/comments/0000031,False
mention-0250,Nike,Twitter,@sneaker_head3528,ordered Nike running shoes 6 weeks ago. delivery pushed back 3 times. zero proactive communication #Nike,2025-03-24T11:02:02,US,en,1727,https://twitter.com/user/status/1800000034250,False
mention-0051,Tesla,News,Engadget,comparing Tesla Model Y vs Ford Mustang Mach-E. both have strengths depending on your priorities #Tesla,2025-03-24T06:41:29,JP,en,2953,https://techcrunch.com/2025/4/25/tesla-51,False
mention-0147,Apple,Reddit,u/long_time_lurker,the App Store 30% cut is genuinely anti-competitive. antitrust regulators need to move faster on this #Apple,2025-03-24T03:06:05,FR,en,826,https://reddit.com/r/apple/comments/0000093,False
mention-0251,Nike,Reddit,u/daily_driver_review,Nike customer service replaced my defective pair no questions asked within 5 days. that is how you build brand loyalty #Nike,2025-03-24T01:29:34,CA,en,84,https://reddit.com/r/nike/comments/00000fb,False
mention-0050,Tesla,News,Bloomberg Technology,Elon tweeting at 3am while Tesla quality tanks and service gets worse. the distraction from leadership is real #Tesla,2025-03-24T00:26:07,SG,en,919,https://techcrunch.com/2025/4/4/tesla-50,False
mention-0245,Nike,Blog,Elena V.,Nike stock fell 9% after the earnings miss. weak North America demand and margin pressure. not a great quarter #Nike,2025-03-23T20:28:06,FR,en,273,https://blog.example.com/reviews/nike-review-245,False
mention-0246,Nike,Twitter,@realuser6477,Nike quality control has genuinely fallen off. stitching came loose on my hoodie after 2 washes. £90 for this? #Nike,2025-03-23T13:16:59,CA,en,1493,https://twitter.com/user/status/1800000033702,False
mention-0048,Tesla,Twitter,@realuser2952,Tesla customer support is non existent. been trying to reach someone for 3 weeks about a billing error #Tesla,2025-03-23T13:01:52,AU,en,1019,https://twitter.com/user/status/1800000006576,False
mention-0145,Apple,Blog,Elena V.,forcing users into Apple Intelligence without a proper opt-out is a privacy nightmare. typical Apple #Apple,2025-03-23T09:41:46,SG,en,27,https://blog.example.com/reviews/apple-review-145,False
mention-0248,Nike,News,CNBC Markets,Nike sustainability marketing is greenwashing. their actual total emissions have increased year on year #Nike,2025-03-23T09:13:17,SG,en,4488,https://techcrunch.com/2025/1/25/nike-248,False
mention-0047,Tesla,Reddit,u/long_time_lurker,Tesla Supercharger network is genuinely the best EV infrastructure out there. 200 miles added in 20 mins on a road trip #Tesla,2025-03-23T07:11:18,FR,en,1096,https://reddit.com/r/tesla/comments/000002f,False
mention-0247,Nike,News,Bloomberg Technology,boycott Nike until they address the factory conditions report. labour practices in Vietnam are not acceptable #Nike,2025-03-23T05:46:00,SG,en,4685,https://techcrunch.com/2025/1/24/nike-247,False
mention-0046,Tesla,Reddit,u/long_time_lurker,Tesla insurance now available in 12 states. pricing based on actual driving behaviour via telematics #Tesla,2025-03-23T01:24:08,CA,en,43,https://reddit.com/r/tesla/comments/000002e,False
mention-0144,Apple,Reddit,u/throwaway_consumer,Apple One bundle is actually good value when you add up all the services. family plan makes financial sense #Apple,2025-03-23T00:19:23,UK,en,559,https://reddit.com/r/apple/comments/0000090,False
mention-0142,Apple,Forum,active_member747,Apple expands Emergency SOS satellite coverage to 20 new countries across Europe and Southeast Asia #Apple,2025-03-22T23:01:02,US,en,610,https://forum.example.com/t/apple-discussion-142,False
mention-0244,Nike,Reddit,u/daily_driver_review,Nike sustainability report is actually impressive this year. real progress on recycled materials not just marketing #Nike,2025-03-22T21:01:39,JP,en,1185,https://reddit.com/r/nike/comments/00000f4,False
mention-0143,Apple,Reddit,u/verified_purchase,Apple Watch Series 9 detected an irregular heartbeat that turned out to be a real arrhythmia. see a doctor people #Apple,2025-03-22T19:33:35,AU,en,1700,https://reddit.com/r/apple/comments/000008f,False
mention-0044,Tesla,Blog,Tom R.,NHTSA opens formal investigation into Tesla Autopilot following 11 documented incidents involving emergency vehicles #Tesla,2025-03-22T17:55:00,DE,en,382,https://blog.example.com/reviews/tesla-review-44,False
mention-0045,Tesla,Twitter,@consumer_report4716,"just took delivery of my Tesla Model 3 and wow. build quality exceeded my expectations. silent, smooth, autopilot is mind blowing #Tesla",2025-03-22T12:46:19,UK,en,856,https://twitter.com/user/status/1800000006165,False
mention-0243,Nike,Twitter,@ev_driver3633,Nike sustainability marketing is greenwashing. their actual total emissions have increased year on year #Nike,2025-03-22T11:55:56,CA,en,1888,https://twitter.com/user/status/1800000033291,False
mention-0242,Nike,News,CNBC Markets,Nike sustainability marketing is greenwashing. their actual total emissions have increased year on year #Nike,2025-03-22T07:14:05,AU,en,376,https://techcrunch.com/2025/4/4/nike-242,False
mention-0241,Nike,Forum,forum_member678,honestly the Nike weather vest is the best running purchase I have made this winter. warm and totally breathable #Nike,2025-03-22T00:16:03,FR,en,517,https://forum.example.com/t/nike-discussion-241,False
mention-0240,Nike,News,Reuters Staff,just completed my first marathon in Nike Vaporfly and shaved 8 mins off my personal best. the carbon plate is real #Nike #Marathon,2025-03-21T21:49:49,DE,en,1856,https://techcrunch.com/2025/2/18/nike-240,False
mention-0141,Apple,Twitter,@sneaker_head5665,just ordered MacBook Air M3. went with 16GB RAM after reading developer reviews. arrives in 2 days #Apple,2025-03-21T16:40:28,JP,en,1817,https://twitter.com/user/status/1800000019317,False
mention-0239,Nike,Reddit,u/first_post_here,Nike reports 50% of new product lines now incorporate recycled materials up from 30% last year #Nike,2025-03-21T13:15:14,SG,en,306,https://reddit.com/r/nike/comments/00000ef,False
mention-0139,Apple,News,The Verge,Apple WWDC 2025 announced for June. expected to reveal major iOS and macOS updates plus new hardware #Apple,2025-03-21T11:40:19,FR,en,4713,https://techcrunch.com/2025/3/11/apple-139,False
mention-0043,Tesla,News,Reuters Staff,Tesla structural battery pack design is genuinely innovative engineering even if service access is harder #Tesla,2025-03-21T09:50:06,JP,en,3551,https://techcrunch.com/2025/2/25/tesla-43,False
mention-0042,Tesla,Forum,active_member345,Tesla Powerwall kept our whole house running through a 6 hour outage last night. worth every penny #Tesla #Solar,2025-03-21T07:15:41,UK,en,628,https://forum.example.com/t/tesla-discussion-42,False
mention-0140,Apple,News,BBC Technology,"MacBook Air M2 is the perfect university laptop. silent, lightweight, genuinely all day battery #Apple #MacBook",2025-03-21T06:55:04,UK,en,2982,https://techcrunch.com/2025/2/28/apple-140,False
mention-0041,Tesla,News,BBC Technology,Tesla reports strong gross margin on energy storage business. most profitable segment in Q2 #Tesla,2025-03-21T00:57:28,UK,en,35,https://techcrunch.com/2025/1/2/tesla-41,False
mention-0038,Tesla,Twitter,@realuser6181,Tesla dog mode is such a thoughtful feature. left my dog in the car on a warm day completely safely #Tesla,2025-03-20T21:05:52,US,en,384,https://twitter.com/user/status/1800000005206,False
mention-0136,Apple,Blog,James W.,Apple is using misleading sustainability marketing. actual total carbon output has increased year on year #Apple,2025-03-20T20:37:28,AU,en,211,https://blog.example.com/reviews/apple-review-136,False
mention-0135,Apple,Review,ProductTester,MacBook Pro M3 Max is the most powerful laptop I have ever used. battery life is absurd for the performance level #Apple #MacBook,2025-03-20T20:30:46,UK,en,100,https://www.trustpilot.com/reviews/apple-135,False
mention-0039,Tesla,Reddit,u/skeptical_buyer,Tesla announces new Gigafactory in Mexico. production capacity will double by 2026 according to announcement #Tesla,2025-03-20T20:21:04,SG,en,1453,https://reddit.com/r/tesla/comments/0000027,False
mention-0238,Nike,Twitter,@daily_thoughts3848,Nike announces new direct to consumer strategy. DTC channel now 44% of total revenue up from 32% three years ago #Nike,2025-03-20T20:14:11,DE,en,114,https://twitter.com/user/status/1800000032606,False
mention-0137,Apple,Twitter,@gadget_lover6626,Apple One bundle is actually good value when you add up all the services. family plan makes financial sense #Apple,2025-03-20T11:14:07,FR,en,592,https://twitter.com/user/status/1800000018769,False
mention-0037,Tesla,Reddit,u/verified_purchase,Tesla customer support is non existent. been trying to reach someone for 3 weeks about a billing error #Tesla,2025-03-20T10:28:48,US,en,12,https://reddit.com/r/tesla/comments/0000025,False
mention-0040,Tesla,Blog,Amara O.,Tesla dog mode is such a thoughtful feature. left my dog in the car on a warm day completely safely #Tesla,2025-03-20T10:08:28,US,en,291,https://blog.example.com/reviews/tesla-review-40,False
mention-0138,Apple,Twitter,@tech_fan4511,Apple opens new retail store in Mumbai. largest Apple Store in South Asia #Apple,2025-03-20T07:14:47,SG,en,1851,https://twitter.com/user/status/1800000018906,False
mention-0237,Nike,Review,LongTermOwner,"Nike releases limited edition collab with Japanese designer. drops Friday, expect immediate sellout #Nike",2025-03-20T06:57:22,JP,en,120,https://www.trustpilot.com/reviews/nike-237,False
mention-0236,Nike,News,TechCrunch,outsole on my Nike trail shoes separated after 150km. sent photos to support and they offered a 20% discount. not good enough #Nike,2025-03-20T06:26:58,DE,en,401,https://techcrunch.com/2025/3/8/nike-236,False
mention-0235,Nike,Twitter,@sneaker_head4838,ordered Nike running shoes 6 weeks ago. delivery pushed back 3 times. zero proactive communication #Nike,2025-03-20T03:13:32,SG,en,324,https://twitter.com/user/status/1800000032195,False
mention-0035,Tesla,Review,ProductTester,autopilot failure on the highway today. nearly merged into a truck. FSD is still not ready for unsupervised use #Tesla,2025-03-19T17:03:26,JP,en,105,https://www.trustpilot.com/reviews/tesla-35,False
mention-0234,Nike,Twitter,@brand_watcher9026,Nike CEO John Donahoe comments on China recovery in latest earnings call. cautiously optimistic tone #Nike,2025-03-19T16:52:02,CA,en,245,https://twitter.com/user/status/1800000032058,False
mention-0036,Tesla,Reddit,u/skeptical_buyer,"3 years with my Tesla Model Y, 60k miles, zero major mechanical issues. best car I have ever owned #Tesla",2025-03-19T15:23:11,UK,en,557,https://reddit.com/r/tesla/comments/0000024,False
mention-0034,Tesla,Reddit,u/verified_purchase,Tesla to open Supercharger network to non-Tesla EVs. major strategic shift in charging infrastructure #Tesla,2025-03-19T14:46:03,CA,en,1139,https://reddit.com/r/tesla/comments/0000022,False
mention-0134,Apple,Twitter,@brand_watcher8922,the App Store 30% cut is genuinely anti-competitive. antitrust regulators need to move faster on this #Apple,2025-03-19T10:26:52,FR,en,876,https://twitter.com/user/status/1800000018358,False
mention-0133,Apple,Review,AmazonCustomer,"iOS 18 update completely bricked my iPhone 14. cannot restore, genius bar appointment is 5 days away #Apple",2025-03-19T08:42:35,UK,en,90,https://www.trustpilot.com/reviews/apple-133,False
mention-0232,Nike,Blog,Mark O.,Nike announces new direct to consumer strategy. DTC channel now 44% of total revenue up from 32% three years ago #Nike,2025-03-19T07:55:00,US,en,245,https://blog.example.com/reviews/nike-review-232,False
mention-0233,Nike,Reddit,u/throwaway_consumer,Nike really knocked it out of the park with the Pegasus 41. best daily trainer I have used in years. zero knee pain on long runs #Nike #Running,2025-03-19T05:15:31,CA,en,129,https://reddit.com/r/nike/comments/00000e9,False
mention-0032,Tesla,Reddit,u/lurker_no_more,autopilot on the highway is genuinely relaxing. long drives are completely transformed with Tesla #Tesla #FSD,2025-03-18T23:41:38,SG,en,710,https://reddit.com/r/tesla/comments/0000020,False
mention-0130,Apple,Forum,long_time_member394,Apple opens new retail store in Mumbai. largest Apple Store in South Asia #Apple,2025-03-18T19:18:05,JP,en,578,https://forum.example.com/t/apple-discussion-130,False
mention-0131,Apple,Twitter,@sneaker_head8552,the iPhone 15 Pro titanium build feels incredible in hand. significant upgrade from the stainless steel #Apple,2025-03-18T18:23:40,US,en,1887,https://twitter.com/user/status/1800000017947,False
mention-0033,Tesla,Twitter,@product_reviewer5799,comparing Tesla Model Y vs Ford Mustang Mach-E. both have strengths depending on your priorities #Tesla,2025-03-18T17:28:57,JP,en,1358,https://twitter.com/user/status/1800000004521,False
mention-0231,Nike,Forum,registered_poster519,Nike raised prices for the third time this year with zero improvement in quality. losing trust fast #Nike,2025-03-18T12:52:06,FR,en,157,https://forum.example.com/t/nike-discussion-231,False
mention-0129,Apple,Blog,Mark O.,MacBook Pro M3 Max is the most powerful laptop I have ever used. battery life is absurd for the performance level #Apple #MacBook,2025-03-18T11:38:57,JP,en,258,https://blog.example.com/reviews/apple-review-129,False
mention-0031,Tesla,Twitter,@just_me4730,Tesla quietly removed ultrasonic sensors from new builds. we paid for these features in previous models #Tesla,2025-03-18T11:05:59,SG,en,1333,https://twitter.com/user/status/1800000004247,False
mention-0230,Nike,Reddit,u/first_post_here,honestly the Nike weather vest is the best running purchase I have made this winter. warm and totally breathable #Nike,2025-03-18T09:14:00,FR,en,1254,https://reddit.com/r/nike/comments/00000e6,False
mention-0132,Apple,Twitter,@tech_fan4016,Apple opens new retail store in Mumbai. largest Apple Store in South Asia #Apple,2025-03-18T01:47:36,JP,en,286,https://twitter.com/user/status/1800000018084,False
mention-0128,Apple,Twitter,@gadget_lover8523,the App Store 30% cut is genuinely anti-competitive. antitrust regulators need to move faster on this #Apple,2025-03-17T21:09:08,JP,en,1513,https://twitter.com/user/status/1800000017536,False
mention-0229,Nike,Twitter,@product_reviewer8598,Nike stock fell 9% after the earnings miss. weak North America demand and margin pressure. not a great quarter #Nike,2025-03-17T18:39:57,SG,en,2321,https://twitter.com/user/status/1800000031373,False
mention-0228,Nike,Review,VerifiedBuyer,"the Nike returns process is unnecessarily complicated in 2025. print a label, find a drop off, wait 2 weeks. come on #Nike",2025-03-17T16:53:31,DE,en,0,https://www.trustpilot.com/reviews/nike-228,False
mention-0127,Apple,Twitter,@product_reviewer4343,Tim Cook confirms Apple car project officially cancelled. resources redirected to AI and augmented reality #Apple,2025-03-17T15:13:46,AU,en,2,https://twitter.com/user/status/1800000017399,False
mention-0227,Nike,Reddit,u/actual_owner,Nike sustainability report is actually impressive this year. real progress on recycled materials not just marketing #Nike,2025-03-17T13:41:02,AU,en,1781,https://reddit.com/r/nike/comments/00000e3,False
mention-0029,Tesla,Blog,Tom R.,Tesla to open Supercharger network to non-Tesla EVs. major strategic shift in charging infrastructure #Tesla,2025-03-17T05:48:57,UK,en,304,https://blog.example.com/reviews/tesla-review-29,False
mention-0030,Tesla,Forum,forum_member634,range dropped 20% this winter. Tesla should be more transparent about cold weather performance in their marketing #Tesla,2025-03-17T00:52:05,US,en,701,https://forum.example.com/t/tesla-discussion-30,False
mention-0124,Apple,Blog,Tom R.,Apple annual developer conference starts Monday. keynote expected to showcase Apple Intelligence improvements #Apple,2025-03-16T23:48:48,JP,en,333,https://blog.example.com/reviews/apple-review-124,False
mention-0224,Nike,Twitter,@apple_fan9800,Nike stock fell 9% after the earnings miss. weak North America demand and margin pressure. not a great quarter #Nike,2025-03-16T19:47:48,SG,en,1390,https://twitter.com/user/status/1800000030688,False
mention-0126,Apple,Blog,Elena V.,Apple Vision Pro is an impressive piece of engineering that nobody actually needs at this price point #Apple,2025-03-16T17:51:45,DE,en,39,https://blog.example.com/reviews/apple-review-126,False
mention-0027,Tesla,Reddit,u/daily_driver_review,Tesla dog mode and camp mode are useful features that other manufacturers have not copied properly #Tesla,2025-03-16T16:55:23,CA,en,1778,https://reddit.com/r/tesla/comments/000001b,False
mention-0123,Apple,News,BBC Technology,Apple opens new retail store in Mumbai. largest Apple Store in South Asia #Apple,2025-03-16T12:04:12,AU,en,3915,https://techcrunch.com/2025/1/23/apple-123,False
mention-0028,Tesla,Reddit,u/long_time_lurker,just crossed 100k miles on my Tesla with only tires and wipers replaced. total maintenance cost is nothing #Tesla,2025-03-16T11:43:39,US,en,486,https://reddit.com/r/tesla/comments/000001c,False
mention-0125,Apple,Reddit,u/lurker_no_more,Apple Intelligence features under EU regulatory scrutiny over Digital Markets Act compliance #Apple,2025-03-16T11:18:05,JP,en,380,https://reddit.com/r/apple/comments/000007d,False
mention-0226,Nike,News,Engadget,shoutout to Nike for actually listening to feedback. the new app update is so much better than before #Nike #SNKRS,2025-03-16T08:11:45,FR,en,3844,https://techcrunch.com/2025/4/24/nike-226,False
mention-0225,Nike,Twitter,@gadget_lover1430,Nike Q3 earnings came in below analyst expectations. revenue at $12.4B vs estimates of $12.9B. stock down 8% #Nike,2025-03-16T08:02:48,FR,en,610,https://twitter.com/user/status/1800000030825,False
mention-0221,Nike,News,The Verge,the Nike hoodie pilled after one wash. for £120 this is embarrassing quality control #Nike,2025-03-15T22:11:35,SG,en,1930,https://techcrunch.com/2025/4/24/nike-221,False
mention-0220,Nike,News,CNBC Markets,Nike React Infinity Run has genuinely fixed my shin splints. doctor recommended and it works #Nike #Running,2025-03-15T19:13:12,CA,en,1401,https://techcrunch.com/2025/1/17/nike-220,False
mention-0223,Nike,Twitter,@ev_driver4877,Nike stock fell 9% after the earnings miss. weak North America demand and margin pressure. not a great quarter #Nike,2025-03-15T17:43:35,UK,en,1370,https://twitter.com/user/status/1800000030551,False
mention-0122,Apple,Twitter,@gadget_lover1197,Apple opens new retail store in Mumbai. largest Apple Store in South Asia #Apple,2025-03-15T15:24:06,FR,en,2380,https://twitter.com/user/status/1800000016714,False
mention-0025,Tesla,Review,AmazonCustomer,Tesla Supercharger network is genuinely the best EV infrastructure out there. 200 miles added in 20 mins on a road trip #Tesla,2025-03-15T14:25:10,FR,en,94,https://www.trustpilot.com/reviews/tesla-25,False
mention-0026,Tesla,Forum,thread_starter125,the 12v battery died on my Tesla for the second time in 18 months. stranded twice is completely unacceptable #Tesla,2025-03-15T13:24:59,CA,en,281,https://forum.example.com/t/tesla-discussion-26,False
mention-0023,Tesla,Blog,Sarah C.,Tesla FSD beta is getting scary good. handled a complex intersection with construction zones perfectly today #Tesla #Autopilot,2025-03-15T07:45:44,UK,en,295,https://blog.example.com/reviews/tesla-review-23,False
mention-0121,Apple,Forum,thread_starter864,AirPods Pro 2 hearing aid feature genuinely changed my dad life. technology done right #Apple #Accessibility,2025-03-15T03:37:54,DE,en,770,https://forum.example.com/t/apple-discussion-121,False
mention-0222,Nike,Reddit,u/daily_driver_review,shoutout to Nike for actually listening to feedback. the new app update is so much better than before #Nike #SNKRS,2025-03-15T01:41:52,AU,en,1661,https://reddit.com/r/nike/comments/00000de,False
mention-0024,Tesla,Twitter,@brand_watcher8155,Tesla Supercharger network is genuinely the best EV infrastructure out there. 200 miles added in 20 mins on a road trip #Tesla,2025-03-15T01:22:18,DE,en,1567,https://twitter.com/user/status/1800000003288,False
mention-0219,Nike,News,Reuters Staff,Nike pulled out of the community running event sponsorship last minute with no explanation. really disappointing #Nike,2025-03-14T18:16:03,DE,en,1503,https://techcrunch.com/2025/4/9/nike-219,False
mention-0118,Apple,Reddit,u/long_time_lurker,Apple posts record $89.5B quarterly revenue driven by iPhone 16 super cycle. beat analyst expectations by 8% #Apple,2025-03-14T12:18:48,DE,en,1381,https://reddit.com/r/apple/comments/0000076,False
mention-0119,Apple,Forum,forum_member377,just ordered MacBook Air M3. went with 16GB RAM after reading developer reviews. arrives in 2 days #Apple,2025-03-14T12:16:36,AU,en,785,https://forum.example.com/t/apple-discussion-119,False
mention-0020,Tesla,News,TechCrunch,Tesla structural battery pack design is genuinely innovative engineering even if service access is harder #Tesla,2025-03-14T07:23:48,AU,en,17,https://techcrunch.com/2025/2/14/tesla-20,False
mention-0022,Tesla,Review,LongTermOwner,Tesla structural battery pack design is genuinely innovative engineering even if service access is harder #Tesla,2025-03-14T06:35:51,CA,en,98,https://www.trustpilot.com/reviews/tesla-22,False
mention-0217,Nike,Reddit,u/actual_owner,Nike sustainability report is actually impressive this year. real progress on recycled materials not just marketing #Nike,2025-03-14T06:24:25,US,en,541,https://reddit.com/r/nike/comments/00000d9,False
mention-0120,Apple,News,Reuters Staff,Apple loses top smartphone position in China as Huawei recovers. share down to 15.6% from 19.2% a year ago #Apple,2025-03-14T06:06:33,DE,en,226,https://techcrunch.com/2025/2/20/apple-120,False
mention-0216,Nike,Reddit,u/actual_owner,Nike sustainability report is actually impressive this year. real progress on recycled materials not just marketing #Nike,2025-03-14T05:33:00,UK,en,986,https://reddit.com/r/nike/comments/00000d8,False
mention-0021,Tesla,Forum,thread_starter99,Tesla customer support is non existent. been trying to reach someone for 3 weeks about a billing error #Tesla,2025-03-14T04:18:48,AU,en,108,https://forum.example.com/t/tesla-discussion-21,False
mention-0218,Nike,News,Reuters Staff,"fast delivery from Nike.com, perfect packaging, true to size. exactly what I ordered. 10/10 shopping experience #Nike",2025-03-14T00:17:35,DE,en,4630,https://techcrunch.com/2025/4/9/nike-218,False
mention-0017,Tesla,Reddit,u/long_time_lurker,range dropped 20% this winter. Tesla should be more transparent about cold weather performance in their marketing #Tesla,2025-03-13T22:34:50,DE,en,502,https://reddit.com/r/tesla/comments/0000011,False
mention-0213,Nike,Blog,Priya S.,"fast delivery from Nike.com, perfect packaging, true to size. exactly what I ordered. 10/10 shopping experience #Nike",2025-03-13T22:21:52,JP,en,367,https://blog.example.com/reviews/nike-review-213,False
mention-0117,Apple,Twitter,@sneaker_head838,Apple support replaced my out of warranty AirPods for free due to a known defect. did not even argue. respect #Apple,2025-03-13T20:31:25,UK,en,1402,https://twitter.com/user/status/1800000016029,False
mention-0019,Tesla,Twitter,@apple_fan6415,Tesla Cybertruck finally entering production after years of delays. first deliveries expected next quarter #Tesla,2025-03-13T18:25:07,US,en,1396,https://twitter.com/user/status/1800000002603,False
mention-0018,Tesla,Blog,Priya S.,Tesla range on my Model 3 LR is consistently better than EPA estimates in real world driving. impressed #Tesla,2025-03-13T09:32:18,UK,en,266,https://blog.example.com/reviews/tesla-review-18,False
mention-0215,Nike,Forum,registered_poster950,Nike SNKRS app monthly active users hit 130 million. biggest digital engagement quarter in company history #Nike,2025-03-13T08:31:21,AU,en,165,https://forum.example.com/t/nike-discussion-215,False
mention-0212,Nike,Twitter,@brand_watcher7479,Nike app redesign rolling out globally this week. new navigation and personalised training plans #Nike,2025-03-13T07:45:41,US,en,1410,https://twitter.com/user/status/1800000029044,False
mention-0116,Apple,Reddit,u/verified_purchase,iOS 18.1 introduced serious battery drain on iPhone 15 series. Apple acknowledged it but no fix timeline #Apple,2025-03-13T07:21:39,JP,en,1776,https://reddit.com/r/apple/comments/0000074,False
mention-0214,Nike,Blog,Sarah C.,"Nike releases limited edition collab with Japanese designer. drops Friday, expect immediate sellout #Nike",2025-03-13T04:58:08,DE,en,124,https://blog.example.com/reviews/nike-review-214,False
mention-0015,Tesla,Twitter,@gadget_lover9930,Tesla Model S Plaid is the most insane car I have ever driven. 0-60 in under 2 seconds is not real #Tesla #Plaid,2025-03-12T21:42:24,AU,en,1942,https://twitter.com/user/status/1800000002055,False
mention-0209,Nike,Reddit,u/throwaway_consumer,Nike Q3 earnings came in below analyst expectations. revenue at $12.4B vs estimates of $12.9B. stock down 8% #Nike,2025-03-12T17:15:56,CA,en,1522,https://reddit.com/r/nike/comments/00000d1,False
mention-0115,Apple,Twitter,@gadget_lover4998,Apple loses top smartphone position in China as Huawei recovers. share down to 15.6% from 19.2% a year ago #Apple,2025-03-12T14:33:14,CA,en,126,https://twitter.com/user/status/1800000015755,False
mention-0014,Tesla,Twitter,@honest_review1736,Tesla removed free supercharging from used car transfers without any announcement. terrible customer communication #Tesla,2025-03-12T08:10:16,CA,en,1336,https://twitter.com/user/status/1800000001918,False
mention-0210,Nike,News,The Verge,just completed my first marathon in Nike Vaporfly and shaved 8 mins off my personal best. the carbon plate is real #Nike #Marathon,2025-03-12T06:21:20,US,en,1381,https://techcrunch.com/2025/4/16/nike-210,False
mention-0114,Apple,News,The Verge,Apple Vision Pro for our architecture firm has completely changed client presentations. worth every penny #Apple,2025-03-12T06:01:08,JP,en,3768,https://techcrunch.com/2025/3/18/apple-114,False
mention-0211,Nike,Twitter,@ev_driver5846,Nike CEO speaking at the global retail summit next week. topics include digital strategy and sustainability roadmap #Nike,2025-03-12T03:02:35,UK,en,2072,https://twitter.com/user/status/1800000028907,False
mention-0016,Tesla,Reddit,u/actual_owner,Tesla Cybertruck finally entering production after years of delays. first deliveries expected next quarter #Tesla,2025-03-12T03:01:39,DE,en,137,https://reddit.com/r/tesla/comments/0000010,False
mention-0208,Nike,Review,TrustpilotUser,boycott Nike until they address the factory conditions report. labour practices in Vietnam are not acceptable #Nike,2025-03-12T03:00:41,DE,en,24,https://www.trustpilot.com/reviews/nike-208,False
mention-0205,Nike,Twitter,@daily_thoughts5238,Nike pulled out of the community running event sponsorship last minute with no explanation. really disappointing #Nike,2025-03-11T22:37:16,JP,en,89,https://twitter.com/user/status/1800000028085,False
mention-0112,Apple,Blog,James W.,Apple annual developer conference starts Monday. keynote expected to showcase Apple Intelligence improvements #Apple,2025-03-11T19:01:41,SG,en,25,https://blog.example.com/reviews/apple-review-112,False
mention-0206,Nike,Reddit,u/skeptical_buyer,Nike CEO John Donahoe comments on China recovery in latest earnings call. cautiously optimistic tone #Nike,2025-03-11T16:32:00,CA,en,1354,https://reddit.com/r/nike/comments/00000ce,False
mention-0207,Nike,Reddit,u/lurker_no_more,outsole on my Nike trail shoes separated after 150km. sent photos to support and they offered a 20% discount. not good enough #Nike,2025-03-11T16:00:06,US,en,1722,https://reddit.com/r/nike/comments/00000cf,False
mention-0204,Nike,Twitter,@daily_thoughts6530,Nike quality control has genuinely fallen off. stitching came loose on my hoodie after 2 washes. £90 for this? #Nike,2025-03-11T12:57:02,UK,en,250,https://twitter.com/user/status/1800000027948,False
mention-0012,Tesla,Twitter,@apple_fan8906,Tesla removed free supercharging from used car transfers without any announcement. terrible customer communication #Tesla,2025-03-11T12:00:27,AU,en,932,https://twitter.com/user/status/1800000001644,False
mention-0113,Apple,News,CNBC Markets,Apple One bundle is actually good value when you add up all the services. family plan makes financial sense #Apple,2025-03-11T01:17:25,US,en,2740,https://techcrunch.com/2025/1/13/apple-113,False
mention-0013,Tesla,Twitter,@apple_fan1724,Tesla raised the price of the Model Y by $3000 with zero notice. third time this year. lost all trust in their pricing #Tesla,2025-03-11T00:22:03,US,en,1716,https://twitter.com/user/status/1800000001781,False
mention-0011,Tesla,News,CNBC Markets,Tesla dog mode is such a thoughtful feature. left my dog in the car on a warm day completely safely #Tesla,2025-03-10T23:43:52,US,en,3395,https://techcrunch.com/2025/2/2/tesla-11,False
mention-0009,Tesla,Twitter,@just_me2403,Tesla reports strong gross margin on energy storage business. most profitable segment in Q2 #Tesla,2025-03-10T21:42:52,JP,en,1907,https://twitter.com/user/status/1800000001233,False
mention-0202,Nike,News,BBC Technology,Nike training app is genuinely the best free workout resource out there. the coaching quality is impressive #Nike #NTC,2025-03-10T19:54:24,AU,en,3772,https://techcrunch.com/2025/1/5/nike-202,False
mention-0010,Tesla,Twitter,@user2070,Tesla FSD beta is getting scary good. handled a complex intersection with construction zones perfectly today #Tesla #Autopilot,2025-03-10T15:44:05,CA,en,2209,https://twitter.com/user/status/1800000001370,False
mention-0110,Apple,News,TechCrunch,Apple raising Mac prices in the UK citing currency adjustments while posting record profits. tone deaf #Apple,2025-03-10T15:12:47,US,en,2493,https://techcrunch.com/2025/2/19/apple-110,False
mention-0201,Nike,Blog,Mark O.,Nike Q3 earnings came in below analyst expectations. revenue at $12.4B vs estimates of $12.9B. stock down 8% #Nike,2025-03-10T14:22:47,JP,en,101,https://blog.example.com/reviews/nike-review-201,False
mention-0200,Nike,Blog,Priya S.,Nike React Infinity Run has genuinely fixed my shin splints. doctor recommended and it works #Nike #Running,2025-03-10T12:48:31,SG,en,140,https://blog.example.com/reviews/nike-review-200,False
mention-0109,Apple,Twitter,@honest_review9622,Apple Vision Pro is an impressive piece of engineering that nobody actually needs at this price point #Apple,2025-03-10T10:52:06,AU,en,1124,https://twitter.com/user/status/1800000014933,False
mention-0111,Apple,Forum,registered_poster126,Apple raising Mac prices in the UK citing currency adjustments while posting record profits. tone deaf #Apple,2025-03-10T09:31:18,UK,en,311,https://forum.example.com/t/apple-discussion-111,False
mention-0203,Nike,Review,AmazonCustomer,Nike Alphafly Next% is a different league. race day shoe that actually performs as advertised #Nike #Marathon,2025-03-10T06:13:50,DE,en,95,https://www.trustpilot.com/reviews/nike-203,False
mention-0198,Nike,Review,AmazonCustomer,shoutout to Nike for actually listening to feedback. the new app update is so much better than before #Nike #SNKRS,2025-03-09T23:04:03,CA,en,79,https://www.trustpilot.com/reviews/nike-198,False
mention-0108,Apple,Reddit,u/throwaway_consumer,Apple Vision Pro is an impressive piece of engineering that nobody actually needs at this price point #Apple,2025-03-09T22:46:40,AU,en,1072,https://reddit.com/r/apple/comments/000006c,False
mention-0008,Tesla,Reddit,u/throwaway_consumer,autopilot failure on the highway today. nearly merged into a truck. FSD is still not ready for unsupervised use #Tesla,2025-03-09T20:50:45,UK,en,484,https://reddit.com/r/tesla/comments/0000008,False
mention-0107,Apple,Blog,Priya S.,AirPods Pro 2 hearing aid feature genuinely changed my dad life. technology done right #Apple #Accessibility,2025-03-09T19:38:44,JP,en,271,https://blog.example.com/reviews/apple-review-107,False
mention-0199,Nike,Twitter,@brand_watcher102,Nike just silently removed the app feature that tracked lifetime mileage. why take away something people loved #Nike,2025-03-09T17:36:06,AU,en,2252,https://twitter.com/user/status/1800000027263,False
mention-0105,Apple,Twitter,@user5167,iPhone 16 Pro camera is genuinely unreal. replaced my DSLR for travel photography entirely #Apple #iPhone,2025-03-09T16:43:30,DE,en,1389,https://twitter.com/user/status/1800000014385,False
mention-0106,Apple,Reddit,u/lurker_no_more,Apple expands Emergency SOS satellite coverage to 20 new countries across Europe and Southeast Asia #Apple,2025-03-09T16:22:20,FR,en,599,https://reddit.com/r/apple/comments/000006a,False
mention-0007,Tesla,Review,G2Reviewer,Elon Musk sells $4B in Tesla stock. shares fall 6% on the news #Tesla #ElonMusk,2025-03-09T10:45:27,US,en,57,https://www.trustpilot.com/reviews/tesla-7,False
mention-0197,Nike,Reddit,u/first_post_here,outsole on my Nike trail shoes separated after 150km. sent photos to support and they offered a 20% discount. not good enough #Nike,2025-03-09T01:07:58,JP,en,437,https://reddit.com/r/nike/comments/00000c5,False
mention-0004,Tesla,Forum,long_time_member991,Tesla service wait times are absolutely insane. 8 weeks for a minor bumper repair is completely unacceptable #Tesla,2025-03-08T18:20:42,JP,en,616,https://forum.example.com/t/tesla-discussion-4,False
mention-0103,Apple,Twitter,@daily_thoughts7213,iCloud storage pricing is embarrassing. 50GB for £0.79 but 200GB jumps to £2.49. the pricing tiers make no sense #Apple,2025-03-08T17:55:52,FR,en,1002,https://twitter.com/user/status/1800000014111,False
mention-0003,Tesla,News,Reuters Staff,Tesla dog mode is such a thoughtful feature. left my dog in the car on a warm day completely safely #Tesla,2025-03-08T13:19:04,CA,en,4260,https://techcrunch.com/2025/3/12/tesla-3,False
mention-0195,Nike,News,Engadget,Nike reports 50% of new product lines now incorporate recycled materials up from 30% last year #Nike,2025-03-08T12:18:23,US,en,2657,https://techcrunch.com/2025/3/4/nike-195,False
mention-0005,Tesla,Blog,Amara O.,ordered my Tesla 6 months ago. delivery date pushed back 4 times. zero proactive communication from Tesla at all #Tesla,2025-03-08T11:49:32,JP,en,86,https://blog.example.com/reviews/tesla-review-5,False
mention-0101,Apple,Reddit,u/long_time_lurker,Apple WWDC 2025 announced for June. expected to reveal major iOS and macOS updates plus new hardware #Apple,2025-03-08T08:08:22,DE,en,61,https://reddit.com/r/apple/comments/0000065,False
mention-0196,Nike,News,Reuters Staff,BEWARE Nike.com delivery is a disaster right now. 3 weeks and still no update. customer service is useless #Nike,2025-03-08T07:13:07,CA,en,4128,https://techcrunch.com/2025/1/17/nike-196,False
mention-0104,Apple,Forum,long_time_member465,"MacBook Air M2 is the perfect university laptop. silent, lightweight, genuinely all day battery #Apple #MacBook",2025-03-08T04:57:32,JP,en,781,https://forum.example.com/t/apple-discussion-104,False
mention-0102,Apple,Twitter,@honest_review7922,switched from Android to iPhone after 8 years and the ecosystem integration is genuinely impressive #Apple #iPhone,2025-03-08T01:20:00,US,en,894,https://twitter.com/user/status/1800000013974,False
mention-0006,Tesla,Twitter,@realuser3725,Tesla Semi spotted on California highways ahead of official commercial deliveries #Tesla,2025-03-08T00:04:15,CA,en,1793,https://twitter.com/user/status/1800000000822,False
mention-0002,Tesla,Forum,forum_member239,Tesla reports strong gross margin on energy storage business. most profitable segment in Q2 #Tesla,2025-03-07T18:36:18,SG,en,699,https://forum.example.com/t/tesla-discussion-2,False
mention-0100,Apple,Twitter,@product_reviewer4448,Apple is using misleading sustainability marketing. actual total carbon output has increased year on year #Apple,2025-03-07T16:12:59,SG,en,773,https://twitter.com/user/status/1800000013700,False
mention-0194,Nike,Reddit,u/throwaway_consumer,Nike training app is genuinely the best free workout resource out there. the coaching quality is impressive #Nike #NTC,2025-03-07T12:52:29,FR,en,767,https://reddit.com/r/nike/comments/00000c2,False
mention-0001,Tesla,Review,VerifiedBuyer,just ordered Tesla Model 3 Long Range AWD. delivery estimate is 6 to 8 weeks #Tesla,2025-03-07T03:41:21,FR,en,27,https://www.trustpilot.com/reviews/tesla-1,False
mention-0193,Nike,Twitter,@brand_watcher1106,outsole on my Nike trail shoes separated after 150km. sent photos to support and they offered a 20% discount. not good enough #Nike,2025-03-07T03:07:56,CA,en,1796,https://twitter.com/user/status/1800000026441,False
mention-0099,Apple,Blog,Mark O.,iOS 18.1 introduced serious battery drain on iPhone 15 series. Apple acknowledged it but no fix timeline #Apple,2025-03-07T01:55:27,FR,en,163,https://blog.example.com/reviews/apple-review-99,False
